#x,y,vx,vy,mass
1.0,0.0,0.0,0.347111,1.0
-1.0,0.0,0.0,0.347111,1.0
0.0,0.0,0.0,-0.694222,1.0
