# x,y,vx,vy,mass
1.000000000000000,0.000000000000000,0.000000000000000,0.932407371603409,1.0
-0.500000000000000,0.866025403784439,-0.807549910167072,-0.466203685055165,1.0
-0.500000000000000,-0.866025403784439,0.807549910167072,-0.466203685055165,1.0